Reg. No.,listovki,khp
20190053,https://www.bda.bg/images/stories/documents/bdias/2023-01-09-130571q.pdf,https://www.bda.bg/images/stories/documents/bdias/2023-01-09-130571.pdf
20000831,https://www.bda.bg/images/stories/documents/bdias/2025-04-22-138135q.pdf,https://www.bda.bg/images/stories/documents/bdias/2024-12-16-136824.pdf
20011234,,
20010843,https://www.bda.bg/images/stories/documents/bdias/2024-12-09-136778q.pdf,https://www.bda.bg/images/stories/documents/bdias/2024-12-09-136778.pdf
20000247,https://www.bda.bg/images/stories/documents/bdias/2024-02-19-134028q.pdf,https://www.bda.bg/images/stories/documents/bdias/2024-06-11-135044.pdf
20000246,https://www.bda.bg/images/stories/documents/bdias/2024-02-19-134027q.pdf,https://www.bda.bg/images/stories/documents/bdias/2024-06-11-135043.pdf
20020682,https://www.bda.bg/images/stories/documents/bdias/2024-02-19-134014q.pdf,https://www.bda.bg/images/stories/documents/bdias/2024-02-19-134014.pdf
20010491,https://www.bda.bg/images/stories/documents/bdias/2024-12-16-136805q.pdf,https://www.bda.bg/images/stories/documents/bdias/2024-12-16-136805.pdf
20160310,https://www.bda.bg/images/stories/documents/bdias/2025-06-16-138690q.pdf,https://www.bda.bg/images/stories/documents/bdias/2025-06-16-138690.pdf
20250002,https://www.bda.bg/images/stories/documents/bdias/2025-06-23-138776q.pdf,https://www.bda.bg/images/stories/documents/bdias/2025-06-23-138776.pdf
20010452,https://www.bda.bg/images/stories/documents/bdias/2026-01-19-140522q.pdf,https://www.bda.bg/images/stories/documents/bdias/2026-01-19-140522.pdf
20050449,https://www.bda.bg/images/stories/documents/bdias/2026-06-08-141817q.pdf,https://www.bda.bg/images/stories/documents/bdias/2026-05-26-141737.pdf
20060041,https://www.bda.bg/images/stories/documents/bdias/2026-06-08-141826q.pdf,https://www.bda.bg/images/stories/documents/bdias/2024-12-16-136822.pdf
20011159,https://www.bda.bg/images/stories/documents/bdias/2025-11-03-139994q.pdf,https://www.bda.bg/images/stories/documents/bdias/2026-04-06-141195.pdf
20190187,https://www.bda.bg/images/stories/documents/bdias/2025-12-08-140204q.pdf,https://www.bda.bg/images/stories/documents/bdias/2025-12-08-140204.pdf
20200093,https://www.bda.bg/images/stories/documents/bdias/2026-06-08-141854q.pdf,https://www.bda.bg/images/stories/documents/bdias/2026-06-08-141854.pdf
20250001,https://www.bda.bg/images/stories/documents/bdias/2026-06-08-141853q.pdf,https://www.bda.bg/images/stories/documents/bdias/2026-06-08-141853.pdf
20011158,https://www.bda.bg/images/stories/documents/bdias/2024-12-09-136777q.pdf,https://www.bda.bg/images/stories/documents/bdias/2024-12-09-136777.pdf
9800052,https://www.bda.bg/images/stories/documents/bdias/2025-08-12-139282q.pdf,https://www.bda.bg/images/stories/documents/bdias/2025-08-12-139282.pdf
20060246,https://www.bda.bg/images/stories/documents/bdias/2025-08-12-139283q.pdf,https://www.bda.bg/images/stories/documents/bdias/2025-08-12-139283.pdf
20240150,https://www.bda.bg/images/stories/documents/bdias/2026-02-23-140787q.pdf,https://www.bda.bg/images/stories/documents/bdias/2026-02-23-140787.pdf
20170285,https://www.bda.bg/images/stories/documents/bdias/2026-02-23-140788q.pdf,https://www.bda.bg/images/stories/documents/bdias/2026-02-23-140788.pdf
20010453,https://www.bda.bg/images/stories/documents/bdias/2025-03-17-137708q.pdf,https://www.bda.bg/images/stories/documents/bdias/2025-01-13-136983.pdf
9800351,https://www.bda.bg/images/stories/documents/bdias/2026-05-26-141605q.pdf,https://www.bda.bg/images/stories/documents/bdias/2026-05-26-141605.pdf
20150193,https://www.bda.bg/images/stories/documents/bdias/2026-05-26-141606q.pdf,https://www.bda.bg/images/stories/documents/bdias/2026-05-26-141606.pdf
9800109,https://www.bda.bg/images/stories/documents/bdias/2025-04-08-137962q.pdf,https://www.bda.bg/images/stories/documents/bdias/2025-04-08-137962.pdf
9800108,https://www.bda.bg/images/stories/documents/bdias/2025-04-08-137961q.pdf,https://www.bda.bg/images/stories/documents/bdias/2025-04-08-137961.pdf
20021033,https://www.bda.bg/images/stories/documents/bdias/2025-03-17-137709q.pdf,https://www.bda.bg/images/stories/documents/bdias/2024-12-16-136823.pdf
20200008,https://www.bda.bg/images/stories/documents/bdias/2026-03-24-141033q.pdf,https://www.bda.bg/images/stories/documents/bdias/2026-03-24-141033.pdf
20160287,https://www.bda.bg/images/stories/documents/bdias/2026-03-24-141032q.pdf,https://www.bda.bg/images/stories/documents/bdias/2026-03-24-141032.pdf
20180166,https://www.bda.bg/images/stories/documents/bdias/2026-05-11-141505q.pdf,https://www.bda.bg/images/stories/documents/bdias/2026-05-11-141505.pdf
20090475,https://www.bda.bg/images/stories/documents/bdias/2025-01-13-136949q.pdf,https://www.bda.bg/images/stories/documents/bdias/2024-02-19-134016.pdf
20120314,https://www.bda.bg/images/stories/documents/bdias/2024-02-19-134015q.pdf,https://www.bda.bg/images/stories/documents/bdias/2024-02-19-134015.pdf
